name,season,number,airdate,runtime,rating,summary,image_url
Pilot,1,1,9/24/2007,30,{'average': 7.8},"Brilliant physicist roommates Leonard and Sheldon meet their new neighbor Penny, who begins showing them that as much as they know about science, they know little about actual living.",https://image.tmdb.org/t/p/original/l3rRtcQ3hk0JXjhiRqSqImXUBVO.jpg
The Big Bran Hypothesis,1,2,10/1/2007,30,{'average': 8.1},"Leonard volunteers to sign for a package in an attempt to make a good impression on Penny, but when he enlists Sheldon for help, his attempt at chivalry goes terribly awry.",https://image.tmdb.org/t/p/original/2OXgMuOqkyjQ19fOrMDGATVCsw1.jpg
The Fuzzy Boots Corollary,1,3,10/8/2007,30,{'average': 7.8},Leonard asks a woman out after he finds out that Penny is seeing someone.,https://image.tmdb.org/t/p/original/eDyDC7cwKz9ZTA4CX44eKuHjPgZ.jpg
The Luminous Fish Effect,1,4,10/15/2007,30,{'average': 8.2},"Sheldon's getting fired forces him to explore what life has to offer outside physics, leaving Leonard to take drastic action to snap his friend out of his funk.",https://image.tmdb.org/t/p/original/kKS7oikWCivvrOarkUpH4q1vv2T.jpg
The Hamburger Postulate,1,5,10/22/2007,30,{'average': 8},"Fearing he's wasting his time on Penny, Leonard ends up making a connection with Leslie.",https://image.tmdb.org/t/p/original/zO3CSyb13PQyzWICp4mmZEUeExp.jpg
The Middle-Earth Paradigm,1,6,10/29/2007,30,{'average': 8.2},"Penny hosts a Halloween party, putting Leonard, Sheldon, Wolowitz, and Koothrappali through a new test of their social skills.",https://image.tmdb.org/t/p/original/4P20QdmB6QL8aa0b8dKR8sHK1iW.jpg
The Dumpling Paradox,1,7,11/5/2007,30,{'average': 8.1},"With Wolowitz AWOL with one of her friends, Penny's recruited to fill in for him on the guys' Halo team",https://image.tmdb.org/t/p/original/4y5rvzPZF5ukM3vtktqWTp9MhyH.jpg
The Grasshopper Experiment,1,8,11/12/2007,30,{'average': 8.2},"Raj's parents set him up on a blind date, but just when he discovers he can talk to her, she shows interest in Sheldon.",https://image.tmdb.org/t/p/original/rbVfuB7vBrrXygo0d8qhk9FhmAd.jpg
The Cooper-Hofstadter Polarization,1,9,3/17/2008,30,{'average': 8.1},"When they're invited to present at a physics conference, Sheldon's reluctance to share the credit leads to a tiff between him and Leonard, and Penny's intervention only exacerbates the situation.",https://image.tmdb.org/t/p/original/8MvMEvZzZPBkgQZIVk9KvF8nLH5.jpg
The Loobenfeld Decay,1,10,3/24/2008,30,{'average': 7.9},"Leonard and Sheldon each lie to avoid seeing Penny's concert, but Sheldon's is a bit too complicated for his own good.",https://image.tmdb.org/t/p/original/6dssfbhNv1g3FFqKWKJhNqaqSQH.jpg
The Pancake Batter Anomaly,1,11,3/31/2008,30,{'average': 8.1},"With his friends knowing how sour he acts when sick—and avoiding him as a result—Sheldon is nursed by Penny, who hasn't a clue what she's in for.",https://image.tmdb.org/t/p/original/q0E0GNUMHWZDNKbygCjKJGiFc9G.jpg
The Jerusalem Duality,1,12,4/14/2008,30,{'average': 7.9},"With Sheldon rattled over meeting Dennis, a 15-year-old physicist who's smarter than he, Leonard helps him look for a way to debunk Dennis's research.",https://image.tmdb.org/t/p/original/wlo6NGvrpo58hnUztkAmdDBPj2D.jpg
The Bat Jar Conjecture,1,13,4/21/2008,30,{'average': 8},"Sheldon finds himself booted from the gang's Physics Bowl team and replaced with Leslie, so he forms his own team, hoping to prove he's superior.",https://image.tmdb.org/t/p/original/w1Et8tW5En8a2ieEWRlolAVkyED.jpg
The Nerdvana Annihilation,1,14,4/28/2008,30,{'average': 8.2},"When delivery of another collectible leads to Penny's lashing out at Leonard, he decides it's time to give up his habit, much to his friends' protestation.",https://image.tmdb.org/t/p/original/sktEOfZVIBnyW6MeZlGXbcdp6vO.jpg
The Pork Chop Indeterminacy,1,15,5/5/2008,30,{'average': 8.3},"The rest of the gang fall for Sheldon's twin sister, and Leonard's plan to win her heart is derailed when Sheldon declares he'll be the one to decide who can date her.",https://image.tmdb.org/t/p/original/qBlf2PEd6RDGnyOip6ZPJ825AMw.jpg
The Peanut Reaction,1,16,5/12/2008,30,{'average': 8.3},"Penny wants to throw a surprise party for Leonard, but Sheldon's indulgence at an electronics store throws her off-track.",https://image.tmdb.org/t/p/original/jnI6qR3y9Hfn7hA1uCUJhYMkIAv.jpg
The Tangerine Factor,1,17,5/19/2008,30,{'average': 8.3},"Penny's break-up spurs Leonard to summon the courage to ask her out, and each goes to Sheldon for advice on their upcoming date.",https://image.tmdb.org/t/p/original/3RCfgXjtRcWRt1ci7RIYi3JzJQ9.jpg
The Bad Fish Paradigm,2,1,9/22/2008,30,{'average': 8.2},Penny's first date with Leonard goes awry; Penny finds Sheldon to be an unwilling confidant.,https://image.tmdb.org/t/p/original/y9cFxQyFRBOewwVvkMl6SaH2om0.jpg
The Codpiece Topology,2,2,9/29/2008,30,{'average': 7.9},A jealous Leonard reacts to Penny's new guy by rebounding with Leslie.,https://image.tmdb.org/t/p/original/a9k5gM9GYU4IBW93LJc4IjRbgHI.jpg
The Barbarian Sublimation,2,3,10/6/2008,30,{'average': 8.5},Sheldon creates a monster when he introduces Penny to online gaming.,https://image.tmdb.org/t/p/original/q0bhAlY77x9XwfpHYrDScHZvMQE.jpg
The Griffin Equivalency,2,4,10/13/2008,30,{'average': 7.9},Raj gets an inflated ego and makes a play for Penny after being referenced in a magazine article.,https://image.tmdb.org/t/p/original/AvCiGNJqqaowpZlBdoO6Bp2hIdp.jpg
The Euclid Alternative,2,5,10/20/2008,30,{'average': 8.4},Leonard and his friends stage an intervention to force Sheldon to face his fear of driving.,https://image.tmdb.org/t/p/original/84UnqiLl4J8LCmJXWwTNfne4pWC.jpg
The Cooper-Nowitzki Theorem,2,6,11/3/2008,30,{'average': 8.4},Sheldon and the gang are confused when a young grad student is attracted to him.,https://image.tmdb.org/t/p/original/2WAmfZtammDEhuQuDgxqQT7BR9z.jpg
The Panty Piñata Polarization,2,7,11/10/2008,30,{'average': 8.3},"When Sheldon bans Penny from the apartment for numerous minor infractions, she decides to retaliate.",https://image.tmdb.org/t/p/original/nBAjkqE9I805f9OCqxZAKVqnJT2.jpg
The Lizard-Spock Expansion,2,8,11/17/2008,30,{'average': 8.1},Leonard inadvertently steals away the new woman Wolowitz thinks is the love of his life.,https://image.tmdb.org/t/p/original/AlvHVY7gvBHfQvMLAvB9PODeYQw.jpg
The White Asparagus Triangulation,2,9,11/24/2008,30,{'average': 7.9},Sheldon is thrilled when Leonard starts dating a woman who meets Sheldon's stringent standards.,https://image.tmdb.org/t/p/original/f5ls4tc9cY8Zh9998lMyZ3A9E6B.jpg
The Vartabedian Conundrum,2,10,12/8/2008,30,{'average': 7.8},Leonard asks Penny for advice when his new relationship starts moving too fast.,https://image.tmdb.org/t/p/original/uosBIO5639eeocnvjCxqrLl2HEN.jpg
The Bath Item Gift Hypothesis,2,11,12/15/2008,30,{'average': 8.8},Penny starts dating Leonard's handsome colleague; Leonard and his friends are tortured by Sheldon's obsession with gift-giving etiquette.,https://image.tmdb.org/t/p/original/aUh7k8uTCSjnlFqQZ4HVKZ8N7rA.jpg
The Killer Robot Instability,2,12,1/12/2009,30,{'average': 7.9},Penny's criticism of Wolowitz's romantic life pushes him into depression and AWOL for a fighting robot battle the rest of guys are depending on him for.,https://image.tmdb.org/t/p/original/fdo2epxMfOhpAWJ3EWplioQakRK.jpg
The Friendship Algorithm,2,13,1/19/2009,30,{'average': 8.1},Sheldon creates a scientific procedure for making friends.,https://image.tmdb.org/t/p/original/9q49iyMGcO9EIk9vWbnBZgfGNSF.jpg
The Financial Permeability,2,14,2/2/2009,30,{'average': 7.9},Sheldon's solution to Penny's financial difficulty leads to a confrontation between Leonard and Penny's ex-boyfriend.,https://image.tmdb.org/t/p/original/wC2YMYgyCnEixzO1ztYx1LUAndL.jpg
The Maternal Capacitance,2,15,2/9/2009,30,{'average': 8.6},Leonard and Penny are drawn together after a disastrous visit from Leonard's mother.,https://image.tmdb.org/t/p/original/cShchuw3099TXbfav7e9XU6qCoV.jpg
The Cushion Saturation,2,16,3/2/2009,30,{'average': 8.1},"A paintball game leads to a fight between Sheldon and Penny, and romance for Leslie and Wolowitz.",https://image.tmdb.org/t/p/original/egK4v3alm6G7cm0CmMRGR3p8Yx3.jpg
The Terminator Decoupling,2,17,3/9/2009,30,{'average': 8.1},"Leonard, Sheldon and Wolowitz are ecstatic to learn that a famous science-fiction actress (Summer Glau) is on board the train they are taking to San Francisco.",https://image.tmdb.org/t/p/original/uorhUtKMHkx7EokhUcSBl3q6GRt.jpg
The Work Song Nanocluster,2,18,3/16/2009,30,{'average': 8.3},Penny's home business turns into a complete nightmare when Sheldon takes over.,https://image.tmdb.org/t/p/original/fkaYEuDqCyBsODp0XYMAZrLULYs.jpg
The Dead Hooker Juxtaposition,2,19,3/30/2009,30,{'average': 8.1},"Penny squares off with a new beautiful female neighbor who may become the building's ""new Penny.""",https://image.tmdb.org/t/p/original/8LL0P42Z8mwyFXfnF3jnaabSZYt.jpg
The Hofstadter Isotope,2,20,4/13/2009,30,{'average': 8},A fellow comic book enthusiast's hitting on Penny leads to Leonard and Howard going to a bar's Ladies' Night.,https://image.tmdb.org/t/p/original/otMgg5qrM4XfHwbGnpWhPy8R2yD.jpg
The Vegas Renormalization,2,21,4/27/2009,30,{'average': 8.2},"Leonard and Koothrappali escort a heartbroken Wolowitz to Las Vegas, and Sheldon becomes locked out of his apartment and must stay with Penny.",https://image.tmdb.org/t/p/original/5SRU3ZHSjhdh7MOWHxivvO6p2Xs.jpg
The Classified Materials Turbulence,2,22,5/4/2009,30,{'average': 8},Penny's second date with Stuart sees her making a comment that gives Leonard new hope for a relationship with her. Wolowitz realizes there's a crucial error in a NASA project he's working on.,https://image.tmdb.org/t/p/original/jNdjEnmBwdJiojaG6weilqZPfOn.jpg
The Monopolar Expedition,2,23,5/11/2009,30,{'average': 8.5},The guys' plan to work over the summer at the North Pole makes Penny revaluate her feelings for Leonard.,https://image.tmdb.org/t/p/original/5NiLbb4TXeiiAjTPyqP08Swu8w5.jpg
The Electric Can Opener Fluctuation,3,1,9/21/2009,30,{'average': 8},"When Sheldon learns the guys tampered with his expedition data he got from the arctic, he leaves to Texas in disgrace. This results in the guys following him, which threatens Leonard's hope for some romantic time with Penny and the guys' friendship with Sheldon.",https://image.tmdb.org/t/p/original/4MFmDclUoXHM0se1IM9jKRhHp6n.jpg
The Jiminy Conjecture,3,2,9/28/2009,30,{'average': 7.9},Leonard and Penny struggle to recover from an awkward first hookup while Sheldon and Howard stake their best comic books on a bet to determine the species of a cricket.,https://image.tmdb.org/t/p/original/xJRmBDoo2MrbYjs91ViaXMUUMru.jpg
The Gothowitz Deviation,3,3,10/5/2009,30,{'average': 8.2},Howard and Raj visit a Goth nightclub to pick up women while Sheldon attempts to build a better Penny using chocolate-based behavior modification.,https://image.tmdb.org/t/p/original/8iWdGkONXwKYsv73HZr6p80Csaa.jpg
The Pirate Solution,3,4,10/12/2009,30,{'average': 8.2},"Raj must find a new job or be sent back to India, but Sheldon has a solution, which leaves Leonard and Penny dealing with Howard as a third wheel.",https://image.tmdb.org/t/p/original/doGrzGYbdS9HzjkfROUENBv6gpk.jpg
The Creepy Candy Coating Corollary,3,5,10/19/2009,30,{'average': 8.2},"After overhearing that Wil Wheaton is entering a trading-card competition, Sheldon decides to enter it himself. Meanwhile, Penny sets up one of her friends on a date with Wolowitz.",https://image.tmdb.org/t/p/original/j7HZdRP1eVcnQYGEu9o3TruEKvL.jpg
The Cornhusker Vortex,3,6,11/2/2009,30,{'average': 7.5},"Sheldon becomes Leonard's teacher in order to understand football, while an incident with flying a kite threatens Howard and Raj's friendship.",https://image.tmdb.org/t/p/original/ethrkqDoGEbXtmN48IhN9aIESfa.jpg
The Guitarist Amplification,3,7,11/9/2009,30,{'average': 8.1},"A squabble between Leonard and Penny sees Sheldon playing mediator, though out of his own incovenience from the sitiation rather than altruism.",https://image.tmdb.org/t/p/original/vbpHo8Px5CILtVR9wU3wyPSHn56.jpg
The Adhesive Duck Deficiency,3,8,11/16/2009,30,{'average': 8.6},"With Leonard, Howard and Raj away camping in the desert, an injured Penny has only Sheldon to rely on.",https://image.tmdb.org/t/p/original/8EbctrCaN3RJXiTKe2a9yebM9rZ.jpg
The Vengeance Formulation,3,9,11/23/2009,30,{'average': 8.2},"After he's humiliated on National Public Radio, Sheldon vows to destroy Kripke, while Wolowitz tries not to destroy his new relationship with Bernadette.",https://image.tmdb.org/t/p/original/x9hd50SQpxiZ1nLXeyhHeeAnT8x.jpg
The Gorilla Experiment,3,10,12/7/2009,30,{'average': 8.2},"Penny gets help from Sheldon in order to understand what Leonard's work is, while Wolowitz develops a jealousy when Leonard starts hanging out with his new girlfriend.",https://image.tmdb.org/t/p/original/xUaKd5XBnmqny83essybaiQSICd.jpg
The Maternal Congruence,3,11,12/14/2009,30,{'average': 8.3},A Christmas visit from his mother has Leonard discovering she's kept a lot of news from him that she shares with Sheldon and worrying if she'll approve of his romance with Penny.,https://image.tmdb.org/t/p/original/kioeIQpVHRmhILyFGHiiebACdX1.jpg
The Psychic Vortex,3,12,1/11/2010,30,{'average': 8.3},"Leonard is aghast to find out a secret of Penny's: she believes in psychics. Meanwhile, Sheldon tries to assist Koothrappali in picking up a girl at a university mixer.",https://image.tmdb.org/t/p/original/5uXitxxXHYVKHrEGmT3ylHRxOjn.jpg
The Bozeman Reaction,3,13,1/18/2010,30,{'average': 8.3},"When their apartment is robbed, Leonard and Sheldon turn to their friends to create a state-of-the-art security system.",https://image.tmdb.org/t/p/original/jLh4QS3YkclWPrioytdMbuVjwXL.jpg
The Einstein Approximation,3,14,2/1/2010,30,{'average': 8.4},Sheldon's search for the answer to a physics problem leads him to work at the Cheesecake Factory with Penny.,https://image.tmdb.org/t/p/original/7tx6fSRlOn6r5HXVOzOjilaqeZI.jpg
The Large Hadron Collision,3,15,2/8/2010,30,{'average': 8.2},Leonard can only bring one guest on a trip to see CERN's Large Hadron Collider (the world's largest and highest energy particle accelerator) in Switzerland on Valentine's Day.,https://image.tmdb.org/t/p/original/X19dpYs9iBJeiqiqb72STdjCg0.jpg
The Excelsior Acquisition,3,16,3/1/2010,30,{'average': 8.3},Sheldon winds up in traffic court when he gets a ticket because of Penny.,https://image.tmdb.org/t/p/original/6waZYJy3LVmnMO6Im6aFuBTDgJg.jpg
The Precious Fragmentation,3,17,3/8/2010,30,{'average': 8.7},"When the guys find a ring from ""The Lord of the Rings"" at a garage sale, it threatens to tear them apart.",https://image.tmdb.org/t/p/original/qwBvS3JV40nWZQOBhxTMhWoSk0Q.jpg
The Pants Alternative,3,18,3/22/2010,30,{'average': 8.5},Sheldon's friends come to his aid when his fear of public speaking stands between him and a coveted award.,https://image.tmdb.org/t/p/original/lyAMqIxYBlBNk8Brb6CWceltipC.jpg
The Wheaton Recurrence,3,19,4/12/2010,30,{'average': 7.7},"A fight between Leonard and Penny threatens their relationship, while Sheldon battles Wil Wheaton in bowling.",https://image.tmdb.org/t/p/original/oHlOeHU6ruNOCE2yvRYG21r0AB5.jpg
The Spaghetti Catalyst,3,20,5/3/2010,30,{'average': 8.1},"When Leonard and Penny aren't speaking, Sheldon goes to extremes to keep them both happy.",https://image.tmdb.org/t/p/original/wztaQvhy4aNNgJmJhs201Qv8zXm.jpg
The Plimpton Stimulation,3,21,5/10/2010,30,{'average': 8.4},Leonard and Sheldon compete for the attention of a famous female physicist.,https://image.tmdb.org/t/p/original/cppyrsh201R39yrlQrBk7ShYpQ3.jpg
The Staircase Implementation,3,22,5/17/2010,30,{'average': 8.7},Leonard tells Penny about how he met Sheldon for the first time...and what happened to the elevator.,https://image.tmdb.org/t/p/original/cGQf2br0gTknsDtj71CGrrX1Gg6.jpg
The Lunar Excitation,3,23,5/24/2010,30,{'average': 8.5},"While Penny worries that dating Leonard has ruined her for normal guys, Wolowitz and Koothrappali search for Sheldon's perfect match online.",https://image.tmdb.org/t/p/original/7wpXVU3zqGj9QMOtrdLDWRanGxP.jpg
The Robotic Manipulation,4,1,9/23/2010,30,{'average': 8.4},Penny tags along on Sheldon's first ever date; Wolowitz finds a new use for a robotic arm.,https://image.tmdb.org/t/p/original/9Ab7pe6u7bQo55w0BArx11OQ4xI.jpg
The Cruciferous Vegetable Amplification,4,2,9/30/2010,30,{'average': 8.4},"Realizing he will not live long enough to download his consciousness into a robot body, Sheldon tries to extend his life span.",https://image.tmdb.org/t/p/original/gbdirXM1Gw9K4NZWhWHV4qjPDbX.jpg
The Zazzy Substitution,4,3,10/7/2010,30,{'average': 8.1},The guys are concerned as Sheldon searches for an alternative to human companionship.,https://image.tmdb.org/t/p/original/eBLxhs3TDM8d0zlutOGhIfDDVd2.jpg
The Hot Troll Deviation,4,4,10/14/2010,30,{'average': 8.2},"An embarrassing secret of Wolowitz's comes to light, while Sheldon and Raj have a small war at work.",https://image.tmdb.org/t/p/original/isCe5dxkG0Ufi4cNRfmCr2HsoJd.jpg
The Desperation Emanation,4,5,10/21/2010,30,{'average': 7.8},"Leonard realizes he’s the only one without a girlfriend, while Sheldon wants to get rid of his.",https://image.tmdb.org/t/p/original/mOhDhRyqDZU5HVHmgypFte7jTAU.jpg
The Irish Pub Formulation,4,6,10/28/2010,30,{'average': 7.9},"Leonard keeps an affair a secret from Sheldon, Howard and Raj.",https://image.tmdb.org/t/p/original/srBGG50Cw4XOn2f4bZUqtnwznVM.jpg
The Apology Insufficiency,4,7,11/4/2010,30,{'average': 8.1},Sheldon's answers during an FBI interview put Wolowitz's security clearance in jeopardy.,https://image.tmdb.org/t/p/original/jXGtTcqfYmwDdIpkE0nk1l0PgYL.jpg
The 21-Second Excitation,4,8,11/11/2010,30,{'average': 8.4},"While the guys camp in line for a long-awaited movie screening, Penny and Bernadette invite Amy to her first slumber party.",https://image.tmdb.org/t/p/original/TxfaPETKaKt5ejJYRKG5zyrJQ9.jpg
The Boyfriend Complexity,4,9,11/18/2010,30,{'average': 8.5},"Penny asks Leonard to lie to her father, while Howard, Raj and Bernadette pull an all-nighter at a telescope.",https://image.tmdb.org/t/p/original/ksiCi17L2Ko4QaB1NBxnYdlYrGV.jpg
The Alien Parasite Hypothesis,4,10,12/9/2010,30,{'average': 7.8},"Amy finds she has sexual feelings for Penny's ex, while Koothrappali and Wolowitz try to prove who would be the better superhero.",https://image.tmdb.org/t/p/original/pWWRt2BzusW1WPaXs7E8J0fQGqf.jpg
The Justice League Recombination,4,11,12/16/2010,30,{'average': 8.6},"The guys find a ""super"" use for Penny's new boyfriend, Zack, when they enter a costume contest as the Justice League.",https://image.tmdb.org/t/p/original/uUUUozntwqQiivWD7qsuyV8hg2O.jpg
The Bus Pants Utilization,4,12,1/6/2011,30,{'average': 7.3},Leonard's idea for a smartphone app derails his friendship with Sheldon.,https://image.tmdb.org/t/p/original/ksC48YK2UFV8GeBETu11fTM7r0a.jpg
The Love Car Displacement,4,13,1/20/2011,30,{'average': 8.3},Bernadette runs into her ex-boyfriend while attending a science event with Wolowitz.,https://image.tmdb.org/t/p/original/dBYcZAs8g77jjvyHGXClQIluFwc.jpg
The Thespian Catalyst,4,14,2/3/2011,30,{'average': 7.6},"Hoping it will make him a better teacher, Sheldon has Penny give him acting lessons. Raj has fantasies about a friend's girlfriend.",https://image.tmdb.org/t/p/original/oOd0acUQiDF7CyoJf9z52JyGBA5.jpg
The Benefactor Factor,4,15,2/10/2011,30,{'average': 7.9},A wealthy donor to the university makes Leonard consider how far he's willing to go for the sake of science.,https://image.tmdb.org/t/p/original/mRo77oUOj2kq4DLqOdpXkmtBjOv.jpg
The Cohabitation Formulation,4,16,2/17/2011,30,{'average': 8},"As Wolowitz contemplates taking things with Bernadette to the next level, Leonard rekindles his relationship with Raj's sister.",https://image.tmdb.org/t/p/original/lwHPcYlrCFfRO5UEJ7oFfhg84me.jpg
The Toast Derivation,4,17,2/24/2011,30,{'average': 7.8},Sheldon becomes concerned when everybody begins to hang out at Raj's apartment and discovers Leonard is the center of the group.,https://image.tmdb.org/t/p/original/WeOnAUVBQn5VrT409KoZUh19HY.jpg
The Prestidigitation Approximation,4,18,3/10/2011,30,{'average': 8.4},"Sheldon is baffled by Wolowitz's magic trick. Meanwhile, Leonard realizes dating Priya may make it impossible to continue being friends with Penny.",https://image.tmdb.org/t/p/original/lxpNNW7buxaTnWDtPAnqpc6ly7g.jpg
The Zarnecki Incursion,4,19,3/31/2011,30,{'average': 8.1},"Sheldon's online-game account is hacked by Todd Zarnecki, who then proceeds to steal all his items prompting the guys to go on a quest to retrieve them. Penny, Bernadette and Amy discuss how Penny groomed Leonard to be willing to try various things and more adventurous boyfriend... for some other woman — Priya.",https://image.tmdb.org/t/p/original/zoY6h6LtJCShaLfuPUSnBCNRdHN.jpg
The Herb Garden Germination,4,20,4/7/2011,30,{'average': 8.3},"Sheldon and Amy decide to start several rumors about the others as a test. Meanwhile, Howard takes his relationship with Bernadette to even higher level.",https://image.tmdb.org/t/p/original/nlidiQe6jIloJSrBLxQdPDZuVb5.jpg
The Agreement Dissection,4,21,4/28/2011,30,{'average': 8.4},"When Leonard spends too much time in the shower with Priya, Sheldon charges Leonard with two violations of the roommate agreement. However, before he can get too far, Priya uses her skills as a lawyer to nullify the charges due to the agreement's vague wording, much to Sheldon's dismay. When the guys take advantage of Priya's skills in order to eat Greek food on pizza night, Sheldon goes to Penny, who invites him to a girls' night out with Amy and Bernadette, which Sheldon agrees to after Penny mentions that they may be talking trash about Priya. After the girls drink some cocktails, they decide to take Sheldon dancing, which Sheldon reluctantly goes along with. After dancing, Sheldon takes an intoxicated Amy back to her apartment and as well as talking about Priya, meets a monkey who is addicted to smoking cigarettes. Amy tells Sheldon not to give in to Priya's law skills, before kissing him and going to her bathroom to vomit.",https://image.tmdb.org/t/p/original/8pkhzxsCYsknfd3gsiGH56yKACs.jpg
The Wildebeest Implementation,4,22,5/5/2011,30,{'average': 7.9},Raj attempts to cure his social anxiety disorder while Penny uses Bernadette to spy on Leonard and his girlfriend.,https://image.tmdb.org/t/p/original/dNJ1kLNhA9dDuGjZIq8OK8l5ROi.jpg
The Engagement Reaction,4,23,5/12/2011,30,{'average': 8},"When Howard finally breaks the news to his mom that he's engaged to Bernadette, it lands her in the hospital.",https://image.tmdb.org/t/p/original/1hlDFTRY9MLfMB3AKhaX0dEEreK.jpg
The Roommate Transmogrification,4,24,5/19/2011,30,{'average': 8.7},"When Bernadette receives her PhD, Wolowitz feels emasculated. Raj and Leonard swap places and Penny does something she's regrets.",https://image.tmdb.org/t/p/original/a3VbByTzFL1ew0gmdQVzFXF9mmz.jpg
The Skank Reflex Analysis,5,1,9/22/2011,30,{'average': 7.8},Penny is worried with how damaged her friendship with the guys will be in the aftermath of her sleeping with Raj while Sheldon becomes the leader of the paintball team.,https://image.tmdb.org/t/p/original/kSGRUzwEeW4LMOPuYKQloqCVEhH.jpg
The Infestation Hypothesis,5,2,9/22/2011,30,{'average': 7.8},"A fight between Sheldon and Penny leaves Amy caught in the middle, while Leonard tries to spice up his long-distance relationship with Priya.",https://image.tmdb.org/t/p/original/tVqTk7JdBxuI2drlZ2jJ4ICBicl.jpg
The Pulled Groin Extrapolation,5,3,9/29/2011,30,{'average': 7.7},"Leonard and Amy get to know each other better, while Howard and Bernadette spend the weekend with Mrs. Wolowitz.",https://image.tmdb.org/t/p/original/wEdMYpz2tWAmp626nAWq0l44ltA.jpg
The Wiggly Finger Catalyst,5,4,10/6/2011,30,{'average': 7.7},"Penny plays Matchmaker for Raj, which results in him finding a girl he is comfortable talking to.",https://image.tmdb.org/t/p/original/iStKftXNjUbKLjvKAzTXmT3tuZn.jpg
The Russian Rocket Reaction,5,5,10/13/2011,30,{'average': 7.7},"Sheldon and Leonard get invited to a party at Wil Wheaton's house, and Howard gets an out-of-this-world opportunity.",https://image.tmdb.org/t/p/original/pB5Ia00Um7dbybAUhWQTCV18V4z.jpg
The Rhinitis Revelation,5,6,10/20/2011,30,{'average': 7.4},"Sheldon's mother, Mary Cooper, comes to visit, but Sheldon is annoyed that she also spends time with the rest of the gang, instead of catering to his every demand.",https://image.tmdb.org/t/p/original/1nXbeQy9vdPlvm2Ap97Lhg8suir.jpg
The Good Guy Fluctuation,5,7,10/27/2011,30,{'average': 8.2},"A cute comic book artist puts Leonard and Priya’s relationship to the test, while Sheldon tries to scare the guys for Halloween.",https://image.tmdb.org/t/p/original/cUm2yLiZ2QPdSgIdUYiob0ThcDe.jpg
The Isolation Permutation,5,8,11/3/2011,30,{'average': 7.5},Amy becomes heartbroken when she discovers that Penny and Bernadette went wedding dress shopping without her.,https://image.tmdb.org/t/p/original/cH0vx6h3gcuJCVGrgEaxPqiUmbv.jpg
The Ornithophobia Diffusion,5,9,11/10/2011,30,{'average': 7.6},"Leonard and Penny try hanging out as friends on a 'non-date', but end up purposely ruining each others chances with perspective dates. Meanwhile, Sheldon enlists the help of Bernadette and Amy to overcome his fear of birds.",https://image.tmdb.org/t/p/original/ibkOlSREPuB4GMOKGhzs2ZIdNZ7.jpg
The Flaming Spittoon Acquisition,5,10,11/17/2011,30,{'average': 7.4},"When Stuart asks Amy out on a date, Sheldon must confront his feelings and consider where his relationship with Amy is going.",https://image.tmdb.org/t/p/original/sf1FDxLxinOqyY05Uk3MRZzlP1V.jpg
The Speckerman Recurrence,5,11,12/8/2011,30,{'average': 7},Leonard must face his fears after being contacted by his high school tormentor.,https://image.tmdb.org/t/p/original/7Dn4asZCyq9I0iRtyVCiu9GMhce.jpg
The Shiny Trinket Maneuver,5,12,1/12/2012,30,{'average': 7.6},"Sheldon gets in trouble with Amy when he isn't impressed by her recent accomplishment, and Howard must come to grips with Bernadette's dislike of children.",https://image.tmdb.org/t/p/original/dHAL94ft1SipqmaHL6uNAsegots.jpg
The Recombination Hypothesis,5,13,1/19/2012,30,{'average': 7.9},"Leonard, who broke up with Priya, asks Penny out to a spur-of the-moment romantic dinner for two, and the duo contemplates on their relationship.",https://image.tmdb.org/t/p/original/7GZNVew1Fw24MKcCUKlGuvGJ2LR.jpg
The Beta Test Initiation,5,14,1/26/2012,30,{'average': 7.9},"Leonard and Penny deal with the idea of starting a relationship again and Raj finally finds a ""woman"" he can talk to without being drunk, in the form of Siri on his new phone. Meanwhile, Sheldon decides to start a YouTube series entitled ""Sheldon Cooper presents Fun with Flags"" with the help of Amy.",https://image.tmdb.org/t/p/original/dZTRt2pZ2Ty5kka8iPqXocXO779.jpg
The Friendship Contraction,5,15,2/2/2012,30,{'average': 7.5},"Sheldon's selfish demands force Leonard to reconsider their friendship. Meanwhile, Wolowitz tries to pick his astronaut nickname.",https://image.tmdb.org/t/p/original/aTgjYCtHKEoR0meeXcd2tEXdAkl.jpg
The Vacation Solution,5,16,2/9/2012,30,{'average': 7.5},"When Sheldon is forced to take his vacation, he goes to work with Amy in her neurobiology lab.",https://image.tmdb.org/t/p/original/k6a9X7SdwEwzFlt7mx6gAkjlgTu.jpg
The Rothman Disintegration,5,17,2/16/2012,30,{'average': 7.4},Sheldon battles Kripke for a coveted office at the university. Penny receives a very unusual gift from Amy.,https://image.tmdb.org/t/p/original/bcs07iCu9l2yP6HfjcrPUViXouG.jpg
The Werewolf Transformation,5,18,2/23/2012,30,{'average': 7.6},"Sheldon becomes agitated when his regular barber is out sick. Astronaut training causes Howard to reconsider wanting to go into space. Penny beats Leonard in chess, the first time she plays.",https://image.tmdb.org/t/p/original/1gdddSpcbY8Eh98Hg6xCFPoDWpu.jpg
The Weekend Vortex,5,19,3/8/2012,30,{'average': 7.7},Sheldon must choose between joining Amy at her aunt's birthday party or playing videogames all weekend with the guys.,https://image.tmdb.org/t/p/original/gN7RrKwH3pmL8u1sJiOlzChZBAb.jpg
The Transporter Malfunction,5,20,3/29/2012,30,{'average': 7.5},"Penny buys Leonard and Sheldon “Star Trek” collectibles as a thank-you, leading Sheldon to be haunted by Mr. Spock. Meanwhile, Raj decides he has met the “Future Mrs. Koothrappali” after his parents set him up on a date.",https://image.tmdb.org/t/p/original/wcPVenMYOg1IGGcwgSPzWAjdAkO.jpg
The Hawking Excitation,5,21,4/5/2012,30,{'average': 7.9},"When Wolowitz gets to work with Stephen Hawking, Sheldon is willing to do anything to meet his hero.",https://image.tmdb.org/t/p/original/dh75Gnq9vlvTIxvheYo3D86lSnm.jpg
The Stag Convergence,5,22,4/26/2012,30,{'average': 8},"After the guys throw Howard a bachelor party, Bernadette reconsiders marrying him after learning about his sexual history.",https://image.tmdb.org/t/p/original/FDRRgbb4PkOljdmEjKawpnyFlK.jpg
The Launch Acceleration,5,23,5/3/2012,30,{'average': 8.1},"When NASA moves up Howard's mission, he must face his fears and Bernadette's dad, thus putting the wedding plans in jeopardy. Meanwhile, Leonard says something surprising to Penny in the bedroom.",https://image.tmdb.org/t/p/original/aGhOWNabAScjiHEzs1TebXH1kVa.jpg
The Countdown Reflection,5,24,5/10/2012,30,{'average': 8},"The fifth season ends with Howard and Bernadette deciding to get married before his NASA mission, causing the gang to scurry into overdrive in an effort to stage the wedding. NASA astronaut Mike Massimino has a cameo as himself.",https://image.tmdb.org/t/p/original/jEvrX87J4tGgbvkePKJzWZJWrZp.jpg
The Date Night Variable,6,1,9/27/2012,30,{'average': 7.2},"With his friends on dates, Raj must face his loneliness. Also, Wolowitz is caught in an argument between Bernadette and his mom, even while he’s in space.",https://image.tmdb.org/t/p/original/8Ayyn5aUTiWyFe4NpWIlMNloJnk.jpg
The Decoupling Fluctuation,6,2,10/4/2012,30,{'average': 7.4},"When Sheldon learns that Penny is thinking about breaking up with Leonard, he tries to intervene. Meanwhile, in space, the other astronauts pick on Howard.",https://image.tmdb.org/t/p/original/iCabbwLLDz3UeYeBWBLUTofeVKC.jpg
The Higgs Boson Observation,6,3,10/11/2012,30,{'average': 7.6},"Amy feels threatened when Sheldon hires a young female assistant, and the pressure of being in space takes its toll on Wolowitz.",https://image.tmdb.org/t/p/original/aFEMUGUCTecVLXfBkt8bVXA7tqV.jpg
The Re-Entry Minimization,6,4,10/18/2012,30,{'average': 7.9},"When Wolowitz returns from space, he doesn’t get the hero’s welcome he expected. Meanwhile, Game Night turns into a battle of the sexes.",https://image.tmdb.org/t/p/original/lFDe5o3cJBNGM1dgyl8ODXxrOds.jpg
The Holographic Excitation,6,5,10/25/2012,30,{'average': 7.7},"The gang celebrates Halloween at Stuart’s comic book store. Meanwhile, Leonard seduces Penny with science.",https://image.tmdb.org/t/p/original/zxD6kV0f0hKXELHgfRugzj5mLzA.jpg
The Extract Obliteration,6,6,11/1/2012,30,{'average': 7.6},"Sheldon’s relationship with Stephen Hawking is threatened over a game of “Words with Friends,” and Penny secretly enrolls in a class at the local college.",https://image.tmdb.org/t/p/original/hFo8nKHHdIqnnGaG1tiou6R9lWc.jpg
The Habitation Configuration,6,7,11/8/2012,30,{'average': 7.5},"Wolowitz struggles with moving out of his mother’s house. Meanwhile, Sheldon is caught in the middle of an argument between Amy and Wil Wheaton.",https://image.tmdb.org/t/p/original/mwvOUXUJI8Oqa7w1w5GJswESuik.jpg
The 43 Peculiarity,6,8,11/15/2012,30,{'average': 8},Raj and Howard try to to figure out why Sheldon disappears at 2:45 every afternoon; jealousy arises in Penny and Leonard's relationship.,https://image.tmdb.org/t/p/original/eFAeunnPvLmHPfxW799YH2gLXgQ.jpg
The Parking Spot Escalation,6,9,11/29/2012,30,{'average': 8.1},"When the University reassigns Sheldon’s parking spot to Wolowitz, their fight affects the whole gang.",https://image.tmdb.org/t/p/original/ildLJA1MOjw2gISEi6PKWiw1mMS.jpg
The Fish Guts Displacement,6,10,12/6/2012,30,{'average': 8},"When Amy gets sick, Sheldon tries to nurse her back to health; Wolowitz and his father-in-law plan a fishing trip.",https://image.tmdb.org/t/p/original/b1kSMZm7qsVwKFG6bzFYtFUsKJV.jpg
The Santa Simulation,6,11,12/13/2012,30,{'average': 7.9},"During a Dungeons and Dragons game, Sheldon revisits Christmas memories; Amy, Penny and Bernadette look for a date for Raj.",https://image.tmdb.org/t/p/original/6HD4K6oZEyd76yyki9wFwGwMlP4.jpg
The Egg Salad Equivalency,6,12,1/3/2013,30,{'average': 8.1},"When Sheldon is accused of sexual harassment, he ends up getting Raj, Leonard and Howard in trouble.",https://image.tmdb.org/t/p/original/syvmicoYIDzmehm7BrKnHSuXNNO.jpg
The Bakersfield Expedition,6,13,1/10/2013,30,{'average': 8.1},"As the guys don costumes and go on a road trip to a comic book convention, the ladies decide to stay home and try to interpret a comic book.",https://image.tmdb.org/t/p/original/fGB9j3zU65aJL5btwWH57dKq77r.jpg
The Cooper/Kripke Inversion,6,14,1/31/2013,30,{'average': 7.6},"Sheldon faces a crisis of confidence when he is forced to work with his nemesis, Barry Kripke; Raj and Howard buy expensive action figures of themselves.",https://image.tmdb.org/t/p/original/dWDdPEhogoFt9mw8grFaaXL7Fy7.jpg
The Spoiler Alert Segmentation,6,15,2/7/2013,30,{'average': 8.2},"A fight between Sheldon and Leonard impacts Amy and Penny's living arrangements; while Howard is away, Raj helps Mrs. Wolowitz out.",https://image.tmdb.org/t/p/original/iOHlTynlPg2CEcyDsppdzcwpUnw.jpg
The Tangible Affection Proof,6,16,2/14/2013,30,{'average': 7.5},"The guys search for a perfect Valentine's Day gift for their significant others; Stuart and Raj host a ""lonely people"" party at the comic book store.",https://image.tmdb.org/t/p/original/u1jD82NzWmOJ3C2Rr4WXEOlPNrV.jpg
The Monster Isolation,6,17,2/21/2013,30,{'average': 7.5},"After a bad date, Koothrappali decides to never leave his apartment; Penny's acting skills impress Sheldon.",https://image.tmdb.org/t/p/original/oenhInvrEh4pSA315BctlyBggPh.jpg
The Contractual Obligation Implementation,6,18,3/7/2013,30,{'average': 7.7},"Leonard, Sheldon and Howard give lectures on science to junior high students. The girls ditch work to go to Disneyland. Raj devises a date for Lucy that fixes their social anxiety problems.",https://image.tmdb.org/t/p/original/tjzI8Mr4wMJNsF3VUvleyP2MaQA.jpg
The Closet Reconfiguration,6,19,3/14/2013,30,{'average': 7.5},"Howard considers whether or not he should open a letter from his father; Penny and Leonard host a ""grown-up"" cocktail party.",https://image.tmdb.org/t/p/original/tkeFF4tTKideY2yHuRWGbpe2VrX.jpg
The Tenure Turbulence,6,20,4/4/2013,30,{'average': 7.6},"The girls get involved when Leonard, Sheldon and Raj compete for tenure at the University.",https://image.tmdb.org/t/p/original/f1EjNAr5oQRsFLhx9igoyHWb2wk.jpg
The Closure Alternative,6,21,4/25/2013,30,{'average': 8.1},Amy tries to help Sheldon get over his compulsive need for closure when one of his favorite TV shows is canceled; Raj discovers a secret about Lucy.,https://image.tmdb.org/t/p/original/pNnMlfzNQOuN7Ml26JOCxgzH32W.jpg
The Proton Resurgence,6,22,5/2/2013,30,{'average': 7.6},Leonard and Sheldon hire the host (Bob Newhart) of their favorite childhood TV show to perform; Bernadette and Howard run into trouble while dog-sitting for Raj's pet.,https://image.tmdb.org/t/p/original/db0LtfGVAa2mitePHU7YcyLU4j3.jpg
The Love Spell Potential,6,23,5/9/2013,30,{'average': 7.9},"A date between Raj and Lucy takes both of them out of their comfort zones. After a trip to Las Vegas goes awry, the girls join in on a Dungeons and Dragons game, which causes Amy and Sheldon to re-evaluate their relationship.",https://image.tmdb.org/t/p/original/a1OEeJ7q8tY1PjLBoogyoCZ6w05.jpg
The Bon Voyage Reaction,6,24,5/16/2013,30,{'average': 7.4},"When Leonard receives an exciting opportunity to work overseas, Penny and Sheldon are thrown for a loop. Raj and Lucy's relationship comes to a crossroad.",https://image.tmdb.org/t/p/original/yLAWYAFkzOFbJdTNb9v7fzC2Ond.jpg
The Hofstadter Insufficiency,7,1,9/26/2013,30,{'average': 7.6},"With Leonard away, Sheldon and Penny spend quality time together sharing intimate secrets. Also, Wolowitz helps Raj get over his ex-girlfriend.",https://image.tmdb.org/t/p/original/nf766vILhf88IUK49TE6kzN125n.jpg
The Deception Verification,7,2,9/26/2013,30,{'average': 7.8},Leonard and Sheldon's friendship is tested; Howard's latest foray into helping his mother has some disastrous side effects.,https://image.tmdb.org/t/p/original/bR3Xk5ZEGDC902HncROZmjdKbGK.jpg
The Scavenger Vortex,7,3,10/3/2013,30,{'average': 8.1},"When the entire gang competes in a scavenger hunt designed by Raj, it brings out the best - and worst - in everyone.",https://image.tmdb.org/t/p/original/AsjWlSjl6PSwQQy5q8hbNGqAykL.jpg
The Raiders Minimization,7,4,10/10/2013,30,{'average': 7.6},"Sheldon gets mad at Amy for ruining one of his favorite movies, Raj and Stuart try to make their online dating profiles more appealing, and Leonard tries to play the sympathy card with Penny.",https://image.tmdb.org/t/p/original/66MAd0Sos3XnYxpHlKpvYo1nSw0.jpg
The Workplace Proximity,7,5,10/17/2013,30,{'average': 7.6},Amy starts working at Caltech which causes friction with Sheldon. Howard agrees with Sheldon who mentions this to Bernadette causing a big fight for the Wolowitzes.,https://image.tmdb.org/t/p/original/k8atjbd5gAsntuhbPnFpvnvo0qn.jpg
The Romance Resonance,7,6,10/24/2013,30,{'average': 8},Sheldon's latest scientific breakthrough leaves him feeling like a fraud; a romantic gesture between Howard and Bernadette causes Penny to up her game with Leonard.,https://image.tmdb.org/t/p/original/y6jm6HlK6b2EaOitYUjapVLDQq0.jpg
The Proton Displacement,7,7,11/7/2013,30,{'average': 7.4},"Sheldon seeks payback when Arthur ""Professor Proton"" Jeffries asks Leonard for help on a project instead of him. Raj gets upset at Howard for crashing his night with the girls.",https://image.tmdb.org/t/p/original/j1NUVbJ36CaGqjgFJDi0xR47YON.jpg
The Itchy Brain Simulation,7,8,11/14/2013,30,{'average': 7.4},"When a mistake comes to light, Sheldon makes Leonard walk a mile in his shoes; Penny decides to confront Raj's ex-girlfriend, Lucy.",https://image.tmdb.org/t/p/original/hHU9wgntzMzHneZ8quyVzAsuMa9.jpg
The Thanksgiving Decoupling,7,9,11/21/2013,30,{'average': 8},"Sheldon protests when the gang drags him to Mrs. Wolowitz’s house for Thanksgiving. Meanwhile, Penny and Leonard must deal with a mistake from her past.",https://image.tmdb.org/t/p/original/wz5UxaCaHm7cehjD2uqxHLLI29s.jpg
The Discovery Dissipation,7,10,12/5/2013,30,{'average': 7.4},Leonard has to deal with the fallout of disproving Sheldon's new scientific discovery. Raj spends a week at Howard and Bernadette's apartment.,https://image.tmdb.org/t/p/original/eNEHrIcKPR62YiXQNxRZ3VRUjIG.jpg
The Cooper Extraction,7,11,12/12/2013,30,{'average': 7.6},"While Sheldon is at home in Texas, the rest of the gang realizes how much he has changed their lives as they decorate the apartment Christmas tree.",https://image.tmdb.org/t/p/original/x5IPGYLsPs2XQVi1jzg7Pk6QYE3.jpg
The Hesitation Ramification,7,12,1/2/2014,30,{'average': 7.1},"When Penny’s big acting break on NCIS is a bust, Leonard struggles to help her, which results in Penny asking Leonard a bold relationship question. Meanwhile, Raj and Stuart try to practice their social skills, and Sheldon navigates the intricacies of being funny.",https://image.tmdb.org/t/p/original/znhuvcswL1TtQZHMG1OwBEb8IUW.jpg
The Occupation Recalibration,7,13,1/9/2014,30,{'average': 7.1},"Sheldon tries to relax after he is forced to take a vacation. Meanwhile, Leonard struggles to be supportive of Penny after she quits her job, and Bernadette seeks Stuart’s help in replacing one of Howard’s comic books. Also, Amy receives an unwanted attention from a co-worker.",https://image.tmdb.org/t/p/original/6nWIj6pBKcElp8d2XPsBxmh8ICO.jpg
The Convention Conundrum,7,14,1/30/2014,30,{'average': 7.3},"After the guys can’t get Comic-Con tickets, Sheldon tries to hold his own convention and winds up spending a wild night with James Earl Jones. Meanwhile, the girls try to feel more mature by going to a fancy hotel for tea.",https://image.tmdb.org/t/p/original/ogCao2o4NJfNJtU9PRTUSNuVCEk.jpg
The Locomotive Manipulation,7,15,2/6/2014,30,{'average': 7.6},Sheldon and Amy take a train ride to Napa Valley with Howard and Bernadette on Valentine's Day. Leonard and Penny take Raj's dog to the vet when she accidentally eats some chocolate.,https://image.tmdb.org/t/p/original/rvUHJolWcZjsylolTowKMSMlZPD.jpg
The Table Polarization,7,16,2/27/2014,30,{'average': 7.3},"Leonard buys a dining room table and it causes Sheldon to reevaluate the changes in his life. Meanwhile, Wolowitz is offered a chance to go back to space and Bernadette struggles with whether or not to encourage him.",https://image.tmdb.org/t/p/original/55tDqA5FbYHGVnlIfnMfDsRlu7E.jpg
The Friendship Turbulence,7,17,3/6/2014,30,{'average': 7},"After arguing with Sheldon, Howard tries to make amends by taking him to NASA headquarters in Houston. Penny has second thoughts about quitting her waitressing job when her car dies. Amy gets involved in trying to find Raj a date.",https://image.tmdb.org/t/p/original/A7ciWxOm5ysb5xI8gspY4Q96OJH.jpg
The Mommy Observation,7,18,3/13/2014,30,{'average': 7.1},"When Sheldon visits his Mom in Houston, he is forced to confront a new reality. Meanwhile, Raj’s ‘Murder Mystery’ party starts some fights within the gang.",https://image.tmdb.org/t/p/original/xOlmMD8mkSYcZjGDibQ0sglYLl4.jpg
The Indecision Amalgamation,7,19,4/3/2014,30,{'average': 7.5},"While Raj is wracked with guilt when he tries to date two women at once, Penny wrestles with whether to take a role in a cheesy movie and Sheldon is torn trying to choose between two gaming systems.",https://image.tmdb.org/t/p/original/xQ2Sa0JlkjR7QMnxGZkNQxjz8PI.jpg
The Relationship Diremption,7,20,4/10/2014,30,{'average': 7.4},"Sheldon faces a personal crisis after deciding he’s wasting his time with string theory. Meanwhile, a double date between Raj, Emily and the Wolowitzes ends in embarrassment for Howard.",https://image.tmdb.org/t/p/original/wufZnQDjcK86JqSAcnR1Xowv2KU.jpg
The Anything Can Happen Recurrence,7,21,4/24/2014,30,{'average': 7.3},"To prepare for a date with Emily, Howard acclimates Raj to horror movies. Penny and Sheldon are upset when they discover Amy and Bernadette lied to avoid hanging out with them.",https://image.tmdb.org/t/p/original/gqjU1LjuTzWmQqLp3XCjQ4zhyUX.jpg
The Proton Transmogrification,7,22,5/1/2014,30,{'average': 7.3},"As the gang celebrates Star Wars Day, Sheldon has difficulty dealing with the recent death of Arthur ""Professor Proton"" Jeffries.",https://image.tmdb.org/t/p/original/mTOX0QJ4S4XJZRTLgNv7ph1H2Cl.jpg
The Gorilla Dissolution,7,23,5/8/2014,30,{'average': 7.5},"A bad day causes Penny to reevaluate her life choices – including Leonard. Meanwhile, Howard and Bernadette struggle to care for Mrs. Wolowitz, and Raj gets relationship advice from Sheldon.",https://image.tmdb.org/t/p/original/zhcQnZ5ZsDlVBHePHnJwYjs3xWt.jpg
The Status Quo Combustion,7,24,5/15/2014,30,{'average': 7.3},"Sheldon get upset about his career, the destruction of the comic book store and Leonard and Penny's future living arrangements. Howard and Bernadette can't keep hold of a caretaker for his mother. With his entire world changing around him, Sheldon considers a major move.",https://image.tmdb.org/t/p/original/zPV7LQqkOR2F479tBCTHvE8oiVR.jpg
The Locomotion Interruption,8,1,9/22/2014,30,{'average': 6.8},Leonard and Amy make an unexpected trip to Arizona to fetch Sheldon; Penny interviews for a job at Bernadette's company; Stuart's relationship with Mrs. Wolowitz disturbs Howard.,https://image.tmdb.org/t/p/original/eiknk78qNy9yYtmwjBZYLURhR19.jpg
The Junior Professor Solution,8,2,9/22/2014,30,{'average': 7.2},"Sheldon is forced to teach a class as a Junior Professor and Howard decides to enroll in it. Meanwhile, Amy plays both sides when tension arises between Penny and Bernadette.",https://image.tmdb.org/t/p/original/gzDRKQVGyX4FTKv51CWFqVc34TG.jpg
The First Pitch Insufficiency,8,3,9/29/2014,30,{'average': 6.8},Wolowitz feels nervous when he is asked to throw the first pitch at a Los Angeles Angels game. Penny and Leonard want to prove Sheldon wrong after he says he and Amy are the better couple.,https://image.tmdb.org/t/p/original/eHuRYLXpxZATwCJrqubQelPEjHs.jpg
The Hook-Up Reverberation,8,4,10/6/2014,30,{'average': 6.8},Raj's honesty comes back to haunt him when his new girlfriend is unfriendly to Penny. The guys think about becoming part owners in Stuart's store.,https://image.tmdb.org/t/p/original/fxyeZcehNMkV7o8qtuv2tMzI2pn.jpg
The Focus Attenuation,8,5,10/13/2014,30,{'average': 7.1},"The girls head to Las Vegas for some weekend fun, while the guys try to invent something cool, but only come up with new ways to procrastinate.",https://image.tmdb.org/t/p/original/hlJaHgvB4vOD5YVX0AXS9B2V0HG.jpg
The Expedition Approximation,8,6,10/20/2014,30,{'average': 7.1},"Sheldon and Raj test whether they could survive a dark-matter research expedition in a salt mine by simulating the conditions in a steam tunnel deep underground. Meanwhile, Leonard and Penny seek advice from Howard and Bernadette after they fight about money.",https://image.tmdb.org/t/p/original/nh5DYUzf3waIHJAO7Ircv7MnMHj.jpg
The Misinterpretation Agitation,8,7,10/30/2014,30,{'average': 7.3},"The guys try to help Penny out of an awkward work dilemma, when a smitten doctor shows up at her door after her flirtatious sales techniques work a little too well. Meanwhile, Amy and Bernadette argue over whether or not female scientists should play up their sexuality.",https://image.tmdb.org/t/p/original/34TSv9Gzanl0bnbeAiVBgQ7nAZl.jpg
The Prom Equivalency,8,8,11/6/2014,30,{'average': 7.4},"The girls decide to re-enact their high school proms with the guys. While Sheldon feels under pressure to commit to his relationship with Amy, Howard worries about who Stuart will bring as his date.",https://image.tmdb.org/t/p/original/4j2EMbHRVvimywvBwZQ5q7O3wOS.jpg
The Septum Deviation,8,9,11/13/2014,30,{'average': 7.1},"When Leonard gets minor surgery on his nose, Sheldon is the one in need of sympathy. Meanwhile, Raj's parents' impending divorce causes Howard and Bernadette to work on their own marriage.",https://image.tmdb.org/t/p/original/ywnhAABDYKUpdxfn9vz1oH4zBee.jpg
The Champagne Reflection,8,10,11/20/2014,30,{'average': 6.7},"While Sheldon says a tearful goodbye to the final installment of ""Fun with Flags"", Leonard, Howard and Raj search for something significant in a dead professor's research. And Bernadette finds out what her colleagues really think of her.",https://image.tmdb.org/t/p/original/24ShQB4KKIoBy0jIy9pdYt7GnPE.jpg
The Clean Room Infiltration,8,11,12/11/2014,30,{'average': 6.8},"Leonard and Howard turn to Raj for help in dealing with a work emergency when they nearly come to blows after blaming each other for a potential disaster at the university. Amy throws an authentic Victorian Christmas party, while Sheldon seeks revenge on her for making him celebrate the holidays.",https://image.tmdb.org/t/p/original/uQ17cY0WgeDlw4CH0oUiRGtzPC6.jpg
The Space Probe Disintegration,8,12,1/8/2015,30,{'average': 7},"Howard tries to distract Raj, who is anxiously awaiting data from a space probe he helped launch. Meanwhile, Sheldon and Leonard go dress shopping with Penny and Amy.",https://image.tmdb.org/t/p/original/cDT0ktiJ5h7N2LoH4PD7YERuMyp.jpg
The Anxiety Optimization,8,13,1/29/2015,30,{'average': 7.2},"When Sheldon becomes stuck in a rut with his work, the gang tries to help him by raising his stress levels. Howard teases Raj with a game called ""Emily or Cinnamon?""",https://image.tmdb.org/t/p/original/wUNvZkQ3i2HhgU3YfoM1FkspOoh.jpg
The Troll Manifestation,8,14,2/5/2015,30,{'average': 7.1},"Leonard and Sheldon publish a paper which is widely accepted except for comments from an internet troll. Meanwhile, the girls reminisce about embarrassing incidents from their past.",https://image.tmdb.org/t/p/original/kRpSOJmWA0ek6Qyua4pn3zYEvfr.jpg
The Comic Book Store Regeneration,8,15,2/19/2015,30,{'average': 6.9},"Howard receives some shocking news as everyone prepares for the reopening of Stuart’s comic book store. Penny teaches Sheldon how to “let it go,” but can’t follow her own advice after she learns something infuriating about Amy. Also, Leonard and Raj think they spot Nathan Fillion at a restaurant.",https://image.tmdb.org/t/p/original/uDHVXadIwiUvYENRrzFyCJoSjFw.jpg
The Intimacy Acceleration,8,16,2/26/2015,30,{'average': 7},"As a joke, Sheldon and Penny try an experiment designed to make participants fall in love. Meanwhile, Leonard, Amy, Raj and Emily spend the evening trying to escape a room with a “zombie.” And, after returning from Mrs. Wolowitz’ funeral, Bernadette and Howard run into trouble at the airport.",https://image.tmdb.org/t/p/original/qfmckms5xxLtjwCbyWCQa5G2gu6.jpg
The Colonization Application,8,17,3/5/2015,30,{'average': 7.1},"A trip to the pet store ends in a fight after Amy learns Sheldon has applied for a one-way mission to colonize Mars. Meanwhile, Leonard surprises Penny with a very ""adult"" purchase, and Raj gets into trouble when he snoops around Emily's apartment.",https://image.tmdb.org/t/p/original/6Jh4pXXaagHSb9Ap40rQBDefRFl.jpg
The Leftover Thermalization,8,18,3/12/2015,30,{'average': 7.2},"Friction ensues when a magazine fails to mention Leonard in an article about the paper he co-wrote with Sheldon. Also, a blackout at Mrs. Wolowitz’s home leads to a final family dinner in her honor.",https://image.tmdb.org/t/p/original/qRNOiaPWO6m5gR5STlrGjSSS0Cv.jpg
The Skywalker Incursion,8,19,4/2/2015,30,{'average': 7.2},"When Leonard and Sheldon are invited to speak at UC Berkeley, they take a detour to try to meet an idol. Also, when Bernadette and Howard battle over the fate of his Doctor Who TARDIS, Raj and Amy offer to settle the dispute with a game of ping pong.",https://image.tmdb.org/t/p/original/6O7dxVBPOFKp2cdfFIl5Lf0mys2.jpg
The Fortification Implementation,8,20,4/9/2015,30,{'average': 6.9},"When Sheldon and Amy build a blanket fort, they come to major crossroads in their relationship. Also, Howard meets the half-brother he never knew he had. Meanwhile, Penny is invited to appear on Wil Wheaton’s podcast, but things turn awkward when Leonard joins them.",https://image.tmdb.org/t/p/original/1VqKU1CVOkLDRoYnognbKuXTlBn.jpg
The Communication Deterioration,8,21,4/16/2015,30,{'average': 6.8},"When Raj is asked to create a message in case a NASA mission discovers alien life, the guys fight over what he should do. Also, Penny is torn between auditioning for a movie or keeping her successful pharmaceutical sales job.",https://image.tmdb.org/t/p/original/ApopO3nNzWkFgE7ATs1jMOOaAzF.jpg
The Graduation Transmission,8,22,4/23/2015,30,{'average': 7.2},"Howard questions his engineering abilities when he and Sheldon can’t get a toy drone to fly. Meanwhile, a cancelled flight nearly prevents Leonard from giving the commencement address at his former high school, and Raj pits his parents against each other when his father cuts him off financially.",https://image.tmdb.org/t/p/original/54TfSCfz5kMrQH81oppiCT6dqZl.jpg
The Maternal Combustion,8,23,4/30/2015,30,{'average': 7.1},"Personalities collide when Sheldon and Leonard’s mothers finally meet. Meanwhile, Howard finally decides to “man up” and do his fair share of the housework – but not without a little help from his friends.",https://image.tmdb.org/t/p/original/yHVsK60TKWghadrtZ2G9MEsqIWd.jpg
The Commitment Determination,8,24,5/7/2015,30,{'average': 7.3},"As Sheldon presses Leonard and Penny to set a wedding date, he encounters major changes in his own relationship with Amy. Meanwhile, Raj contemplates breaking up with Emily, and Howard and Bernadette struggle with asking Stuart to move out of their house.",https://image.tmdb.org/t/p/original/qhmAkhpkWpZnOPzTFbNfuvgot09.jpg
The Matrimonial Momentum,9,1,9/21/2015,30,{'average': 6.8},"After driving to Vegas to get married, Penny struggles with Leonard’s confession that he kissed another girl. Also, Sheldon doesn't know how to act after Amy pushes pause on their relationship.",https://image.tmdb.org/t/p/original/za6BAvh7hGFooEcANqJC5srF1FA.jpg
The Separation Oscillation,9,2,9/28/2015,30,{'average': 6.9},"Leonard confronts the woman he kissed on the North Sea in an attempt to set Penny's mind at ease. Also, Sheldon films a special episode of ""Fun with Flags"" after his breakup with Amy, and Bernadette feels guilty about withholding a secret from Penny.",https://image.tmdb.org/t/p/original/n0uM0N3qz0kp51ad2lPajyt9Rhm.jpg
The Bachelor Party Corrosion,9,3,10/5/2015,30,{'average': 7.2},"The guys' science skills are put to the test when they get a flat tire during Leonard's bachelor party weekend in Mexico. Also, the girls force Penny to finally tell her family that she eloped with Leonard.",https://image.tmdb.org/t/p/original/kgCQZJjHWx4nCyjij5cgwnyi7nK.jpg
The 2003 Approximation,9,4,10/12/2015,30,{'average': 7},"Sheldon learns of an impending change in his living arrangements and decides to revert back to 2003, a simpler time before he met Leonard and Penny. Also, Howard and Raj form a band to play at the Comic Book Store.",https://image.tmdb.org/t/p/original/bvJvnDJRTxJKa0Z2UoZIYDclEdA.jpg
The Perspiration Implementation,9,5,10/19/2015,30,{'average': 6.9},"The guys take a fencing lesson from Barry Kripke and Sheldon finds himself in an awkward position when Kripke expresses interest in Amy. Also, when Stuart struggles to get female customers at the Comic Book Store, Penny, Amy and Bernadette come by to help him out.",https://image.tmdb.org/t/p/original/eDOUvJIpKqK276AfbdnzrBC2XJR.jpg
The Helium Insufficiency,9,6,10/26/2015,30,{'average': 6.8},"In the midst of a nation-wide helium shortage, Sheldon and Leonard take desperate measures to get the supplies they need. Also, Penny and Bernadette download a dating app on Amy's phone to try and find her a new man.",https://image.tmdb.org/t/p/original/tqZH3yGasgJiW9WEuq7AG019Jot.jpg
The Spock Resonance,9,7,11/5/2015,30,{'average': 7.1},Wil Wheaton interviews Sheldon for a Star Trek documentary where he reveals the ring and his plan to propose to Amy. Bernadette wants to start renovating the house and the topic of starting a family together with Howard is brought up.,https://image.tmdb.org/t/p/original/4MNxa2TmPwUlU8GYgHGfIkMNmkq.jpg
The Mystery Date Observation,9,8,11/12/2015,30,{'average': 7.3},"Sheldon, Wolowitz and Koothrappali post an online advertisement to find Sheldon a new girlfriend. Also, when Amy is coy with details about a guy she is dating, Penny and Bernadette decide to spy on her.",https://image.tmdb.org/t/p/original/f2kduB25FNPL7V8uuTIdGbT9vaO.jpg
The Platonic Permutation,9,9,11/19/2015,30,{'average': 7.3},"Sheldon and Amy try hanging out as friends when they spend Thanksgiving together at the aquarium. Also, Wolowitz reluctantly agrees to volunteer at the soup kitchen with Bernadette, Raj and Emily, and Penny discovers that Leonard knows more about her than she thought.",https://image.tmdb.org/t/p/original/uYdqPZZGn6bsJMl9ib8NmPlin9z.jpg
The Earworm Reverberation,9,10,12/10/2015,30,{'average': 7.3},"Sheldon has a revelation when he realizes why a song was stuck in his head. Also, Amy invites Dave over for dinner despite their previously awkward date, and Wolowitz and Koothrappali become obsessed with a fan of their band, ""Footprints on the Moon"".",https://image.tmdb.org/t/p/original/hrvQM75S6sCQDW5PKuadSDkyaBz.jpg
The Opening Night Excitation,9,11,12/17/2015,30,{'average': 7.6},"After more than five years of dating, Sheldon and Amy spend their first night together. Also, Leonard, Wolowitz, and Koothrappali must decide who will take their extra Star Wars movie ticket.",https://image.tmdb.org/t/p/original/cBuocsZkWGrIUZgjpBMRJpy94Kv.jpg
The Sales Call Sublimation,9,12,1/7/2016,30,{'average': 6.9},"Penny gets more than she bargained for when Leonard agrees to meet with a psychiatrist on her behalf. Also, Sheldon and Koothrappali collaborate on an astronomical discovery, and Wolowitz and Bernadette can't believe what they are feeling after Stuart moves out.",https://image.tmdb.org/t/p/original/4DnDFLbjiljaQuK2u7gv8ZP56lB.jpg
The Empathy Optimization,9,13,1/14/2016,30,{'average': 7.2},"After having to deal with a sick Sheldon, Leonard, Penny and the gang try to treat themselves to a Sheldon-free weekend.",https://image.tmdb.org/t/p/original/ge9x2mL8kKRlAuaULVy5cNS1t98.jpg
The Meemaw Materialization,9,14,2/4/2016,30,{'average': 7.3},"Meemaw meets Amy, but it isn't all roses. Meemaw seems to have an axe to grind with her. Sheldon comes to Amy's defense, but not before Meemaw lets a little secret of his slip.",https://image.tmdb.org/t/p/original/e4KZVnhg3UyZSAZIB6d3m38ToJz.jpg
The Valentino Submergence,9,15,2/11/2016,30,{'average': 7.2},"Sheldon and Amy host a live Valentine's Day episode of Fun with Flags, Leonard and Penny grapple with getting older, Howard and Bernadette find a surprise in their hot tub and Raj is torn between Emily and the cute girl he met at the Comic Bookstore.",https://image.tmdb.org/t/p/original/w93H4gv8LIb9nlITuGpR9ndDUk8.jpg
The Positive Negative Reaction,9,16,2/18/2016,30,{'average': 7.2},"When the gang finds out about Bernadette’s pregnancy, they celebrate by singing karaoke. Also, Bernadette is concerned when Wolowitz freaks out over her pregnancy announcement, and Wolowitz is convinced he must make more money to provide for the baby.",https://image.tmdb.org/t/p/original/cybOS60LRof6PljKrYXAyCh8637.jpg
The Celebration Experimentation,9,17,2/25/2016,30,{'average': 7.1},"After more than nine years together, the gang finally celebrates Sheldon’s birthday, surprising him with a special guest.",https://image.tmdb.org/t/p/original/aCCxCIQjlFmlS97jCIzd2uameQl.jpg
The Application Deterioration,9,18,3/10/2016,30,{'average': 7.4},"Leonard, Sheldon, and Wolowitz run into problems when they file for a patent for their infinite persistence gyroscope. Also, Penny, Amy and Bernadette give Koothrappali dating advice when Emily reaches out to him after their breakup.",https://image.tmdb.org/t/p/original/jUOKCbKMhg2jEarqXnuy0rdcLXO.jpg
The Solder Excursion Diversion,9,19,3/31/2016,30,{'average': 7.3},"Amy is shocked at a revelation from Sheldon after she buys him a new laptop. Also, Koothrappali sells out Leonard and Wolowitz after they lie to their wives in order to attend an early screening of a movie.",https://image.tmdb.org/t/p/original/kl5SoKzqxhwK9irTvarRHOmTvi6.jpg
The Big Bear Precipitation,9,20,4/7/2016,30,{'average': 7.1},"Sheldon spills a secret of Leonard’s when the two take a weekend cabin trip with Penny and Amy. Also, when Koothrappali goes overboard with pregnancy gifts, Wolowitz and Bernadette must draw the line.",https://image.tmdb.org/t/p/original/eL2nmkRYtWcvXUVfx4SQGJeDULl.jpg
The Viewing Party Combustion,9,21,4/21/2016,30,{'average': 7.3},Everyone must choose sides when a small argument between Leonard and Sheldon erupts into a heated fight during a group get-together.,https://image.tmdb.org/t/p/original/layOKctrtjUcwKZ1ofk1vuF65L5.jpg
The Fermentation Bifurcation,9,22,4/28/2016,30,{'average': 7.5},"The gang goes to a wine bar and runs into Penny’s old boyfriend, Zack. Also, Bernadette gets stuck spending the evening with Sheldon when she can’t go wine tasting with the group, and things don’t go as planned when Koothrappali introduces his new girlfriend, Claire.",https://image.tmdb.org/t/p/original/lUwn0Uxldc3B76B26Yd8aIPj4uM.jpg
The Line Substitution Solution,9,23,5/5/2016,30,{'average': 7.1},"Sheldon hires Stuart to spend the day with Amy when he’d rather go to a movie screening. Also, Leonard’s mother, Beverly, comes to town and Penny struggles to make a connection with her.",https://image.tmdb.org/t/p/original/wFmeHdgLoNVyRYv4omvrSoe9yLO.jpg
The Convergence Convergence,9,24,5/12/2016,30,{'average': 7.5},"Chaos ensues when Leonard’s recently divorced parents, Alfred and Beverly, and Sheldon’s devoutly religious mother, Mary, come to town. Also, Wolowitz and Koothrappali think the government is out to get them when they are contacted about their guidance system.",https://image.tmdb.org/t/p/original/18nmVxxyu7jlKxqwn088P2hkQ4J.jpg
The Conjugal Conjecture,10,1,9/19/2016,30,{'average': 7.1},"After Sheldon’s mother and Leonard's father share an evening together, everyone deals with an awkward morning the next day. Also, Penny’s family arrives for the wedding ceremony, including her anxiety-ridden mother, Susan, and her drug dealing brother, Randall.",https://image.tmdb.org/t/p/original/9DPH88iL7f0GEFq8BggmOc6L0vk.jpg
The Military Miniaturization,10,2,9/26/2016,30,{'average': 7.2},"Colonel Williams, an Air Force representative from the Department of Material Command sits down to talk with Wolowitz.",https://image.tmdb.org/t/p/original/chN747cMwRMuxm1JL1YKsKOsu9O.jpg
The Dependence Transcendence,10,3,10/3/2016,30,{'average': 7.1},"Tensions rise when the boys struggle to complete their government project on time and Sheldon tries an energy drink to stay awake. Also, Penny and Amy go to a “party” at Bert the geologist’s house, and Koothrappali learns Bernadette’s true feelings about her pregnancy when they clean out the future baby room.",https://image.tmdb.org/t/p/original/sPTHeziA20nRw3NqA9j8FchsVdS.jpg
The Cohabitation Experimentation,10,4,10/10/2016,30,{'average': 7.7},"When Amy’s apartment floods, she proposes a “cohabitation experiment” with Sheldon. Also, Howard and Bernadette are upset when Koothrappali learns the gender of the baby before they do.",https://image.tmdb.org/t/p/original/dUEDKR7xxWcmGeKtfqI7e9fyQAw.jpg
The Hot Tub Contamination,10,5,10/17/2016,30,{'average': 7},"Leonard and Penny must separate a quarreling Sheldon and Amy when their cohabitation does not go as planned, and Sheldon threatens to break off their relationship when Amy refuses to adhere to the bathroom schedule. Also, Howard and Bernadette find unexpected guests at their house when they decide to stay home from a planned vacation.",https://image.tmdb.org/t/p/original/sXpnjSU96ED3yYVrm9BqYhgf4eG.jpg
The Fetal Kick Catalyst,10,6,10/27/2016,30,{'average': 7.2},"Penny is surprised to learn she has fans of her performance in ""Serial Ape-ist"" when she attends Van Nuys Comic Con with Leonard. Also, Amy hosts a Sheldon-style brunch at Penny’s apartment, and Wolowitz makes an impulsive purchase when he starts stressing out about the baby on the way.",https://image.tmdb.org/t/p/original/yEDSHVRQiHtIWQ3fcLutr2CSgVC.jpg
The Veracity Elasticity,10,7,11/3/2016,30,{'average': 7.2},"In order to continue living with Sheldon, Amy lies to him about repairs being made to her apartment and they host an ""on location"" episode of ""Fun With Flags"" in Penny’s apartment. Also, Leonard lets Penny decorate Sheldon’s old room after he learns that she has been secretly moving Leonard’s collectibles into storage.",https://image.tmdb.org/t/p/original/kj7XGHGwP2rAr9SZQl0361rc1Q8.jpg
The Brain Bowl Incubation,10,8,11/10/2016,30,{'average': 7.3},"After a successful experiment combining their genes, Sheldon will stop at nothing to convince Amy they should procreate. Also, Koothrappali is embarrassed to tell the gang what the new woman he’s dating does for a living.",https://image.tmdb.org/t/p/original/txfP3RGQrH975I1mVohAUOxYkjh.jpg
The Geology Elevation,10,9,11/17/2016,30,{'average': 7.3},"When Bert, a Caltech geologist, wins the MacArthur Genius fellowship, Sheldon is overcome with jealousy. Also, Wolowitz finds an old remote control Stephen Hawking action figure he invented.",https://image.tmdb.org/t/p/original/lkrG22IN1cDzQUik3DSE0Gizkro.jpg
The Property Division Collision,10,10,12/1/2016,30,{'average': 7},"Sheldon and Leonard try to divvy up their shared belongings, but can’t agree on anything. Also, Koothrappali and Stuart fight to be the most helpful during Bernadette’s final weeks of pregnancy.",https://image.tmdb.org/t/p/original/gdmbxOWVmc35uryPjQdGeIFYhbU.jpg
The Birthday Synchronicity,10,11,12/15/2016,30,{'average': 6.9},Howard and Bernadette welcome their new baby and Sheldon and Amy celebrate Amy’s birthday.,https://image.tmdb.org/t/p/original/3FkVpR8xDoXlJ4E07JpwkTknaWK.jpg
The Holiday Summation,10,12,1/5/2017,30,{'average': 6.8},Sheldon and Amy visit Leonard and Penny for the first time since the holidays and share details about their terrible trip to Texas.,https://image.tmdb.org/t/p/original/e0nr2JM5ZgLXtJejueg1uTIti6H.jpg
The Romance Recalibration,10,13,1/19/2017,30,{'average': 6.9},"When Penny feels that Leonard is taking her for granted, she decides to go on a spa weekend with Amy. Also, Wolowitz and Koothrappali try to fix a squeaky floorboard in the baby’s room.",https://image.tmdb.org/t/p/original/yik9SnRIwGbJcbLKDdN64z796rl.jpg
The Emotion Detection Automation,10,14,2/2/2017,30,{'average': 6.7},"Sheldon beta-tests an MIT invention after hearing it can help him read people’s emotions. Also, Leonard can’t hide his feelings when Penny announces her brother is coming to town, and Raj invites his ex-girlfriends over to give him dating advice.",https://image.tmdb.org/t/p/original/6Dx0gT8VsA9iC9migoWFiepWMQf.jpg
The Locomotion Reverberation,10,15,2/9/2017,30,{'average': 7.1},"Leonard and Wolowitz try to distract Sheldon when he slows the progress of their guidance system. Also, Penny and Amy take Bernadette out for the night, leaving Raj and Stuart to care for baby Halley.",https://image.tmdb.org/t/p/original/xTNAUYH3FVQjdljPhsKWryYYjWW.jpg
The Allowance Evaporation,10,16,2/16/2017,30,{'average': 6.9},"Sheldon and Amy have their first fight since moving in together, and Koothrappali is shocked at the realities of financial independence when he stops receiving support from his father.",https://image.tmdb.org/t/p/original/vu8eDZ7MiefrZxX2OhFbda6noB2.jpg
The Comic-Con Conundrum,10,17,2/23/2017,30,{'average': 7.1},"With Koothrappali cut off from his father’s fortune, he appoints Sheldon to help him get out of debt. Also, Penny considers joining Leonard at Comic-Con.",https://image.tmdb.org/t/p/original/wv69h7bKeHblo3taVkPhHLnCxk4.jpg
The Escape Hatch Identification,10,18,3/9/2017,30,{'average': 6.9},"When Raj moves out of his apartment, Leonard and Penny offer him Sheldon's old room.",https://image.tmdb.org/t/p/original/8ttbTh5tFpDpviwpHfvTzhqB4rJ.jpg
The Collaboration Fluctuation,10,19,3/30/2017,30,{'average': 6.7},"Leonard, Penny and Raj adjust to their new living arrangement, and Sheldon takes an interest in Amy’s work.",https://image.tmdb.org/t/p/original/XqD2Q7kM5lrTjDRwkKK7s3OzGz.jpg
The Recollection Dissipation,10,20,4/6/2017,30,{'average': 6.9},"Sheldon pushes himself to the limit when he collaborates on projects with Leonard and Wolowitz as well as Amy on the same day. Also, Bernadette is nearing the end of her maternity leave and must return to work.",https://image.tmdb.org/t/p/original/rJJ7LLPDRHUQYVaeaxXSrdmWt34.jpg
The Separation Agitation,10,21,4/13/2017,30,{'average': 6.6},"Howard and Bernadette have a hard time leaving Halley in day care when Bernadette returns to work. Also, Bert introduces the gang to his new girlfriend, Rebecca.",https://image.tmdb.org/t/p/original/jYnc1Ypn8Cdbme8hpe13RLEB0Ud.jpg
The Cognition Regeneration,10,22,4/27/2017,30,{'average': 6.8},"Leonard isn’t thrilled when Penny considers taking a new job offered by her ex-boyfriend, Zack.",https://image.tmdb.org/t/p/original/dvyGCnhsCDaMTQl8fLW9hu343iB.jpg
The Gyroscopic Collapse,10,23,5/4/2017,30,{'average': 7},"After Leonard, Sheldon and Wolowitz celebrate the completion of the top secret air force project, they are met with an unpleasant surprise. Also, Amy is offered a summer position as a visiting researcher.",https://image.tmdb.org/t/p/original/1iG6nwkQb75R8zxsypJL5xVqpxy.jpg
The Long Distance Dissonance,10,24,5/11/2017,30,{'average': 7.4},"The gang is concerned when Sheldon’s former admirer, Dr. Ramona Nowitzki, resurfaces while Amy is away at Princeton.",https://image.tmdb.org/t/p/original/zz9pvqUVLq9OWoei50kYXfVXccH.jpg
The Proposal Proposal,11,1,9/25/2017,30,{'average': 7},"In the eleventh season opener, Amy gives Sheldon an answer to his proposal while Howard and Bernadette struggle with some unexpected news.",https://image.tmdb.org/t/p/original/oBOVgg2gIryBkWg2XtSr0svsO3a.jpg
The Retraction Reaction,11,2,10/2/2017,30,{'average': 6.8},"Leonard angers the university – and the entire physics community – after he gives an embarrassing interview. Also, Amy and Bernadette bond over having to hide their success from Sheldon and Howard.",https://image.tmdb.org/t/p/original/gOObqKqmRoPk6kjuVLDiQbWJ9xv.jpg
The Relaxation Integration,11,3,10/9/2017,30,{'average': 6.9},"Sheldon and Amy struggle with picking a wedding date, which stresses out Sheldon and causes him talking in his sleep. Meanwhile, Raj and Stuart fight over the attention of one of Bernadette's co-workers.",https://image.tmdb.org/t/p/original/pf4bEobAIVuud7D36vod8hMU0J3.jpg
The Explosion Implosion,11,4,10/16/2017,30,{'average': 6.6},"As Howard worries about fatherhood, he and Sheldon bond when they jointly assemble a model rocket. Meanwhile, Penny bonds with Leonard's mother, Beverly, much to his concern.",https://image.tmdb.org/t/p/original/zNPtqkWh19br721s6IBwLOaoe22.jpg
The Collaboration Contamination,11,5,10/23/2017,30,{'average': 6.7},"Sheldon and Raj confide in Bernadette when they can't handle Amy and Howard working together on a science project. Also, Penny and Leonard learn new tactics for how to deal with Sheldon from an unlikely source.",https://image.tmdb.org/t/p/original/x1vhpdTLxHMFhxYajG0ClfbA61p.jpg
The Proton Regeneration,11,6,11/2/2017,30,{'average': 6.9},"Sheldon goes head-to-head with Wil Wheaton for the role of the new Professor Proton. Also, Penny steps in to take care of Halley when Bernadette and Howard both wind up on bed rest.",https://image.tmdb.org/t/p/original/57CoA3eyykJU9q0dkOcJ1WkZaKV.jpg
The Geology Methodology,11,7,11/9/2017,30,{'average': 6.7},"Sheldon and Bert collaborate on a research project, despite Sheldon’s embarrassment. Also, Penny and Bernadette coach Raj on how to navigate his relationship with Ruchi.",https://image.tmdb.org/t/p/original/lM1VwTSFT5IOLqfHBcImibCNDcR.jpg
The Tesla Recoil,11,8,11/16/2017,30,{'average': 6.7},"Leonard and Howard are furious after they learn Sheldon went to work with the military behind their backs. Also, while Bernadette is on bed rest, she asks Raj to do some digging when she suspects that Ruchi might be trying to take over her projects at work.",https://image.tmdb.org/t/p/original/dbQX2a99jcPa1pG9mSIM2D8Wx9u.jpg
The Bitcoin Entanglement,11,9,11/30/2017,30,{'average': 6.8},"Sheldon tries to teach the guys a lesson after they cut him out of a potentially valuable Bitcoin investment. Also, a seven-year-old video reveals a secret about Leonard and Penny's relationship.",https://image.tmdb.org/t/p/original/sUeYryl4noJ1ZeoygZki5mVSEAF.jpg
The Confidence Erosion,11,10,12/7/2017,30,{'average': 7},"Sheldon and Amy try to eliminate stress from wedding planning by applying math to the process. Also, Raj “breaks up” with Howard after realizing his best friend is actually hurting his confidence.",https://image.tmdb.org/t/p/original/661iWFo3pdIjCRN8iqHTF5UPmNe.jpg
The Celebration Reverberation,11,11,12/14/2017,30,{'average': 6.3},"Raj and Howard's feud continues as the gang plan Halley's first birthday party. Sheldon's surprise for Amy's birthday goes awry when they get food poisoning. Also, Leonard gets a Christmas letter from his brother that causes him to spiral out about his own lack of accomplishments.",https://image.tmdb.org/t/p/original/pax2p8RTOa1cyOy8RdYBLLvBQcU.jpg
The Matrimonial Metric,11,12,1/4/2018,30,{'average': 6.9},Sheldon and Amy try to pick their Best-Man and Maid of Honor by experimenting on the gang.,https://image.tmdb.org/t/p/original/Ak6A2V7tiXV5hU0UIRNupFUyThz.jpg
The Solo Oscillation,11,13,1/11/2018,30,{'average': 6.9},"When Sheldon kicks Amy out to work solo, she and Leonard bond during a series of science experiments. Also, Bert the geologist replaces Wolowitz in the band Footprints on the Moon, and Sheldon finds Penny a surprising source of scientific inspiration.",https://image.tmdb.org/t/p/original/twXUFhbnn9xuoBwzwHZzyi6qAtk.jpg
The Separation Triangulation,11,14,1/18/2018,30,{'average': 6.8},"Raj finds himself in the middle of domestic drama when he learns the woman he's dating, has a very upset husband. Also, when Sheldon rents his old room back for a quiet place to work, he drives Leonard crazy by being a model tenant.",https://image.tmdb.org/t/p/original/aKGQFSnqc5r9mWCUcRjWYi5SiWc.jpg
The Novelization Correlation,11,15,2/1/2018,30,{'average': 6.7},"Leonard's book raises questions, and Amy guest stars on the new Professor Proton show.",https://image.tmdb.org/t/p/original/AnGIz9QR5vd1BvfaLKIavRYVdAx.jpg
The Neonatal Nomenclature,11,16,3/1/2018,30,{'average': 6.3},"When Bernadette won't go into labor, the gang tries different tactics to get things started. Also, Howard confronts Bernadette after Amy accidentally reveals she's already chosen their son's name.",https://image.tmdb.org/t/p/original/y8cPPUKibxpbGlo9feqkWHae4Gk.jpg
The Athenaeum Allocation,11,17,3/8/2018,30,{'average': 6.4},"Leonard jumps through hoops to help secure the perfect wedding venue for Sheldon and Amy. Also, Bernadette and Howard have a hard time deciding who should stay at home with the kids and who should go back to work.",https://image.tmdb.org/t/p/original/zDdcH0sQ3cRXbXolXrXpBcRBIv.jpg
The Gates Excitation,11,18,3/29/2018,30,{'average': 6.6},"Bill Gates visits Penny's work, and the gang schemes to meet him. Hilarity ensues. Meanwhile, Sheldon is convinced that he's a target of an April's Fools prank.",https://image.tmdb.org/t/p/original/eXK5rWsLFCznTnclbcKlhtVYd6Z.jpg
The Tenant Disassociation,11,19,4/5/2018,30,{'average': 6.4},"When Leonard learns Sheldon is the president of the tenants association, he decides to run against him. Also, Bernadette encourages Howard and Raj to find the owner of a drone after they find it in the backyard.",https://image.tmdb.org/t/p/original/noQkLOIcY439DTVA1mcqi07B2SW.jpg
The Reclusive Potential,11,20,4/12/2018,30,{'average': 6.8},"A brilliant but reclusive scientist, Doctor Wolcott, invites Sheldon to his cabin in the middle of nowhere, and Leonard, Raj and Howard go along for the trip. Also, Penny and Bernadette improvise after Amy doesn’t like the tame bachelorette party they planned for her.",https://image.tmdb.org/t/p/original/4onNHSndrG9u2DrkFI3Bw5ZEicl.jpg
The Comet Polarization,11,21,4/19/2018,30,{'average': 7.1},"Sheldon’s comic book store experience changes when writer Neil Gaiman puts Stuart’s store on the map. Also, friendships are threatened when Raj takes credit for Penny's astronomical discovery.",https://image.tmdb.org/t/p/original/RmDwxVECzVk0iSqqjYcPMrH7sC.jpg
The Monetary Insufficiency,11,22,4/26/2018,30,{'average': 6.8},"Sheldon goes to Vegas to win money for science. Also, Penny and Bernadette take Amy wedding dress shopping, but her terrible choice entangles them in a web of lies.",https://image.tmdb.org/t/p/original/bh6HEOeXk2hCrpt31wudk0wXGJu.jpg
The Sibling Realignment,11,23,5/3/2018,30,{'average': 7.4},"When Sheldon learns that his mother won’t attend his wedding unless he invites his brother, Georgie, he and Leonard travel to Texas to end a family feud. Also, the Wolowitz kids inadvertently infest Amy, Bernadette, Howard and Raj with pinkeye.",https://image.tmdb.org/t/p/original/a6wr77OIGHkAPK57HMpALaejKaS.jpg
The Bow Tie Asymmetry,11,24,5/10/2018,30,{'average': 7.4},"When Amy's parents and Sheldon's family arrive, everybody is focused to make sure all wedding arrangements go according to plan – everyone except the bride and groom.",https://image.tmdb.org/t/p/original/gOhiFetvZtTMD9lvyeqmxeDedso.jpg
The Conjugal Configuration,12,1,9/24/2018,30,{'average': 7},Sheldon and Amy's honeymoon runs aground in New York. Penny and Leonard discover they are uncomfortably similar to Amy's parents. Raj insults physicist Neil deGrasse Tyson and starts a Twitter war.,https://image.tmdb.org/t/p/original/tH6udsYfheFElUCMtc10PoxzhHH.jpg
The Wedding Gift Wormhole,12,2,9/27/2018,30,{'average': 6.9},Sheldon and Amy drive themselves crazy trying to figure out what 'perfect gift' Leonard and Penny gave them for their wedding. Raj decides he wants to settle down and asks his father to arrange a marriage for him.,https://image.tmdb.org/t/p/original/6dkPSJozX9LPiNpv1nUfPSkCCZy.jpg
The Procreation Calculation,12,3,10/4/2018,30,{'average': 6.4},"The Wolowitzes' life gets complicated when Stuart starts bringing his new girlfriend home. Also, Penny and Leonard talk about starting a family, while Raj explores an arranged marriage.",https://image.tmdb.org/t/p/original/l44ODD3iKdq06UT3MwVb5eAfgtl.jpg
The Tam Turbulence,12,4,10/11/2018,30,{'average': 6.8},"When Sheldon won't tell anyone why he's never mentioned his childhood best friend, Leonard takes matters into his own hands. Bernadette and Penny take out Raj’s fiancée for dinner to get the skinny on her.",https://image.tmdb.org/t/p/original/llMnVr3aHN87ehC7NjFoXrZJC6u.jpg
The Planetarium Collision,12,5,10/18/2018,30,{'average': 6.5},"When Amy doesn’t have time to work on super-asymmetry, Sheldon goes to great lengths to ensure she’s available to work with him even it if means accidentally sabotaging her career in the process. Raj doesn’t want Howard to join him in hosting a show at the planetarium.",https://image.tmdb.org/t/p/original/uglFferqXxOcIb7jOoFTYzzUGDv.jpg
The Imitation Perturbation,12,6,10/25/2018,30,{'average': 7.4},"When Howard dresses up as Sheldon for Halloween, Sheldon seeks retaliation at Leonard and Penny's Halloween party. Leonard is shocked that Penny doesn't remember their first kiss.",https://image.tmdb.org/t/p/original/xo7XJKGKLBcymivyVeRawWDDHtP.jpg
The Grant Allocation Derivation,12,7,11/1/2018,30,{'average': 7},Leonard is caught between a rock and a hard place when he's responsible for distributing extra grant money. Bernadette turns the backyard playhouse into a hideaway from Howard and the kids.,https://image.tmdb.org/t/p/original/14abiXaAjOnkYMke8WOPYfJb2Ud.jpg
The Consummation Deviation,12,8,11/8/2018,30,{'average': 7.2},"Sheldon tries to bond with Amy's father, but when Howard lures Mr. Fowler away with magic tricks, Sheldon has no choice but to bond with Mrs. Fowler. Raj and Anu try to get physical for the first time.",https://image.tmdb.org/t/p/original/u2Fvvq2DwjnmgCLXM3XKpZHtJUQ.jpg
The Citation Negation,12,9,11/15/2018,30,{'average': 6.8},"Sheldon and Amy are devastated after learning from a Russian paper that Super Asymmetry has already been theorized and disproven. Meanwhile, ultra-competitive Bernadette asks Stuart’s girlfriend to teach her how to beat Howard in a popular video game.",https://image.tmdb.org/t/p/original/r7QzKWzJZ5nhRIHy8ffYRAHsSDb.jpg
The VCR Illumination,12,10,12/6/2018,30,{'average': 7.2},"Sheldon and Amy are still down about their theory being disproven, but a VHS tape from Sheldon’s past inspires him not to give up. Bernadette turns into a pageant mom when she tries to help Howard ace his Magic Castle audition.",https://image.tmdb.org/t/p/original/ifZjvUR7qrzRFeMidPv3WQIPX0n.jpg
The Paintball Scattering,12,11,1/3/2019,30,{'average': 6.8},"Penny and Leonard organize a paintball game that results in mayhem when Sheldon is jealous of Amy. Also, Raj catches Anu with her ex-boyfriend, and Stuart gets cold feet when Denise hints at the possibility of them living together.",https://image.tmdb.org/t/p/original/g9aR3enICwN7QF3RZ8KTgKVhvi3.jpg
The Propagation Proposition,12,12,1/10/2019,30,{'average': 7},"Penny runs into her ex-boyfriend, Zack, who invites her and Leonard to a dinner to meet his newlywed wife. After the dinner the newlywed couple make an odd proposition to Leonard, which makes Penny to freak out. Also, Raj attempts to mend things with his ex-fiancée, Anu.",https://image.tmdb.org/t/p/original/yk9ngrWh99IferzYCzkzgmV4Y8H.jpg
The Confirmation Polarization,12,13,1/17/2019,30,{'average': 6.8},"Sheldon and Amy are thrilled when their super asymmetry theory is proven by two physicists, until they try to kick Amy off the Nobel nomination. Also, Bernadette gets one of her drugs approved at work and wants a reluctant Penny to head the sales team.",https://image.tmdb.org/t/p/original/ikoSMAv9hEQHnk3dEg3qerNxsso.jpg
The Meteorite Manifestation,12,14,1/31/2019,30,{'average': 6.9},"Sheldon is thrilled to help Bernadette and Wolowitz navigate bureaucratic paperwork, until he discovers they are breaking the law. Also, Leonard is disappointed when his friends exclude him from a scientific project.",https://image.tmdb.org/t/p/original/6A3l7dDqA9nA94pZNzJ8Fsv3Bp4.jpg
The Donation Oscillation,12,15,2/7/2019,30,{'average': 7},"Penny tries to seduce an abstaining Leonard to ruin his ""donation"" for her ex-boyfriend, Zack, and his wife, Marissa. Also, Wolowitz, Bernadette, Anu and Koothrappali turn Koothrappali's canceled bachelor party into a couple's trip.",https://image.tmdb.org/t/p/original/8ZKXKQvrlWTyjEe6VYjpsHaaOZa.jpg
The D & D Vortex,12,16,2/21/2019,30,{'average': 7.5},"The gang finds out Wil Wheaton hosts a celebrity Dungeons and Dragons game involving William Shatner, Joe Manganiello, Kareem Abdul-Jabbar and Kevin Smith. Deception and betrayal are the path to make it to the one open seat.",https://image.tmdb.org/t/p/original/v9o9lIGgrKn3CVC3VqjXsOxiDBu.jpg
The Conference Valuation,12,17,3/7/2019,30,{'average': 6.7},"When Penny and Bernadette go to San Diego for a pharmaceutical sales convention, Wolowitz is in charge of the kids. Also, Sheldon finds a book on experimenting on kids, and the guys plus Amy make a day of it.",https://image.tmdb.org/t/p/original/ibeFZjHPpdLLCsM9Ul4QZGU5Bns.jpg
The Laureate Accumulation,12,18,4/4/2019,30,{'average': 7},"When competitors Pemberton and Campbell charm America on a publicity tour, Sheldon and Amy try to bring Nobel laureates Kip Thorne, George Smoot and Frances Arnold to their side. Also, Halley's fear of the dark causes opportunity and conflict at the Wolowitz home.",https://image.tmdb.org/t/p/original/yNLmPBFzi9nGTtBsaQJNnbsDrwx.jpg
The Inspiration Deprivation,12,19,4/18/2019,30,{'average': 6.8},"The concept of what it would mean for women everywhere if Amy were to win a Nobel Prize causes Amy to have a meltdown. Also, Howard and Raj try to relive the good old days after Howard buys a scooter that looks like the one he had years ago.",https://image.tmdb.org/t/p/original/hX1cQjB1uoCEBveWwx7ArPX2GKB.jpg
The Decision Reverberation,12,20,4/25/2019,30,{'average': 7.1},"Raj is worried people won’t take him seriously in his own field after publishing a paper that suggests he may have discovered alien life. Also, Leonard wants to be the principal investigator on a plasma physics study.",https://image.tmdb.org/t/p/original/6EwGVgvBRPX6huHhj80whNK3aXD.jpg
The Plagiarism Schism,12,21,5/2/2019,30,{'average': 7.2},"Kripke has proof that Dr. Pemberton plagiarized his thesis in college, and Sheldon and Amy aren't sure if they should turn him in or not. Meanwhile, Howard learns that Bernadette wasn't the only waitress at the Cheesecake Factory who had a crush on him.",https://image.tmdb.org/t/p/original/Adw0tiCkOOBfQv0DGcxgopuWpYJ.jpg
The Maternal Conclusion,12,22,5/9/2019,30,{'average': 7.3},"Leonard is pleasantly surprised when Beverly comes to visit and she's genuinely kind to him, until he finds out the real reason she's there. Also, Denise and Stuart overstay their welcome at the Wolowitz house.",https://image.tmdb.org/t/p/original/swB9SAr1YhSPq6MuJTrtLEfhUVf.jpg
The Change Constant / The Stockholm Syndrome,12,23,5/16/2019,30,{'average': 7.7},"Sheldon and Amy await big news. Meanwhile, Penny and Leonard have some big news of their own. Also, Howard and Bernadette face the stressful challenge of leaving their kids for the first time and Raj makes a new friend, as the gang travels together into an uncharted future.",https://image.tmdb.org/t/p/original/x422znm59wC6RnRFH8nUxVfbsH2.jpg
Unraveling the Mystery: A Big Bang Farewell,12,24,5/16/2019,30,{'average': 8.3},"Johnny Galecki and Kaley Cuoco will lead fans on a trip down memory lane, sharing some of the best-kept backstage secrets and personal memories from the past 12 years.",https://image.tmdb.org/t/p/original/eaC2VG6Iy63vIor6mfOfCZTDw3g.jpg
